date,category,article_count
2025-01-01,Business,6
2025-01-01,Entertainment,1
2025-01-01,Health,3
2025-01-01,Politics,3
2025-01-01,Science,4
2025-01-01,Sports,2
2025-01-01,Technology,2
2025-01-01,World,5
2025-01-02,Business,2
2025-01-02,Entertainment,1
2025-01-02,Health,15
2025-01-02,Politics,1
2025-01-02,Science,7
2025-01-02,Sports,4
2025-01-02,Technology,3
2025-01-02,World,1
2025-01-03,Business,6
2025-01-03,Entertainment,4
2025-01-03,Health,1
2025-01-03,Politics,0
2025-01-03,Science,2
2025-01-03,Sports,4
2025-01-03,Technology,0
2025-01-03,World,1
2025-01-04,Business,2
2025-01-04,Entertainment,3
2025-01-04,Health,3
2025-01-04,Politics,2
2025-01-04,Science,2
2025-01-04,Sports,5
2025-01-04,Technology,4
2025-01-04,World,2
2025-01-05,Business,4
2025-01-05,Entertainment,2
2025-01-05,Health,2
2025-01-05,Politics,3
2025-01-05,Science,3
2025-01-05,Sports,6
2025-01-05,Technology,3
2025-01-05,World,4
2025-01-06,Business,0
2025-01-06,Entertainment,3
2025-01-06,Health,3
2025-01-06,Politics,2
2025-01-06,Science,5
2025-01-06,Sports,4
2025-01-06,Technology,1
2025-01-06,World,4
2025-01-07,Business,3
2025-01-07,Entertainment,5
2025-01-07,Health,2
2025-01-07,Politics,3
2025-01-07,Science,3
2025-01-07,Sports,20
2025-01-07,Technology,3
2025-01-07,World,4
2025-01-08,Business,4
2025-01-08,Entertainment,3
2025-01-08,Health,1
2025-01-08,Politics,3
2025-01-08,Science,2
2025-01-08,Sports,4
2025-01-08,Technology,7
2025-01-08,World,3
2025-01-09,Business,4
2025-01-09,Entertainment,7
2025-01-09,Health,1
2025-01-09,Politics,4
2025-01-09,Science,2
2025-01-09,Sports,4
2025-01-09,Technology,24
2025-01-09,World,2
2025-01-10,Business,2
2025-01-10,Entertainment,1
2025-01-10,Health,3
2025-01-10,Politics,5
2025-01-10,Science,3
2025-01-10,Sports,1
2025-01-10,Technology,4
2025-01-10,World,4
2025-01-11,Business,5
2025-01-11,Entertainment,1
2025-01-11,Health,1
2025-01-11,Politics,2
2025-01-11,Science,4
2025-01-11,Sports,4
2025-01-11,Technology,3
2025-01-11,World,2
2025-01-12,Business,2
2025-01-12,Entertainment,2
2025-01-12,Health,3
2025-01-12,Politics,20
2025-01-12,Science,4
2025-01-12,Sports,5
2025-01-12,Technology,1
2025-01-12,World,24
2025-01-13,Business,1
2025-01-13,Entertainment,2
2025-01-13,Health,2
2025-01-13,Politics,2
2025-01-13,Science,2
2025-01-13,Sports,2
2025-01-13,Technology,5
2025-01-13,World,2
2025-01-14,Business,2
2025-01-14,Entertainment,2
2025-01-14,Health,5
2025-01-14,Politics,2
2025-01-14,Science,2
2025-01-14,Sports,1
2025-01-14,Technology,2
2025-01-14,World,1
2025-01-15,Business,5
2025-01-15,Entertainment,1
2025-01-15,Health,1
2025-01-15,Politics,2
2025-01-15,Science,4
2025-01-15,Sports,5
2025-01-15,Technology,5
2025-01-15,World,3
2025-01-16,Business,2
2025-01-16,Entertainment,3
2025-01-16,Health,5
2025-01-16,Politics,5
2025-01-16,Science,1
2025-01-16,Sports,1
2025-01-16,Technology,3
2025-01-16,World,4
2025-01-17,Business,7
2025-01-17,Entertainment,2
2025-01-17,Health,3
2025-01-17,Politics,7
2025-01-17,Science,4
2025-01-17,Sports,1
2025-01-17,Technology,4
2025-01-17,World,3
2025-01-18,Business,1
2025-01-18,Entertainment,3
2025-01-18,Health,3
2025-01-18,Politics,4
2025-01-18,Science,5
2025-01-18,Sports,5
2025-01-18,Technology,2
2025-01-18,World,1
2025-01-19,Business,4
2025-01-19,Entertainment,5
2025-01-19,Health,3
2025-01-19,Politics,1
2025-01-19,Science,3
2025-01-19,Sports,3
2025-01-19,Technology,3
2025-01-19,World,0
2025-01-20,Business,2
2025-01-20,Entertainment,3
2025-01-20,Health,4
2025-01-20,Politics,5
2025-01-20,Science,5
2025-01-20,Sports,2
2025-01-20,Technology,6
2025-01-20,World,4
2025-01-21,Business,0
2025-01-21,Entertainment,4
2025-01-21,Health,1
2025-01-21,Politics,3
2025-01-21,Science,4
2025-01-21,Sports,3
2025-01-21,Technology,3
2025-01-21,World,1
2025-01-22,Business,3
2025-01-22,Entertainment,4
2025-01-22,Health,3
2025-01-22,Politics,5
2025-01-22,Science,2
2025-01-22,Sports,5
2025-01-22,Technology,2
2025-01-22,World,2
2025-01-23,Business,5
2025-01-23,Entertainment,3
2025-01-23,Health,1
2025-01-23,Politics,1
2025-01-23,Science,1
2025-01-23,Sports,8
2025-01-23,Technology,1
2025-01-23,World,3
2025-01-24,Business,4
2025-01-24,Entertainment,2
2025-01-24,Health,4
2025-01-24,Politics,24
2025-01-24,Science,22
2025-01-24,Sports,2
2025-01-24,Technology,3
2025-01-24,World,4
2025-01-25,Business,3
2025-01-25,Entertainment,24
2025-01-25,Health,3
2025-01-25,Politics,7
2025-01-25,Science,1
2025-01-25,Sports,2
2025-01-25,Technology,5
2025-01-25,World,1
2025-01-26,Business,1
2025-01-26,Entertainment,4
2025-01-26,Health,2
2025-01-26,Politics,2
2025-01-26,Science,4
2025-01-26,Sports,3
2025-01-26,Technology,5
2025-01-26,World,6
2025-01-27,Business,2
2025-01-27,Entertainment,7
2025-01-27,Health,6
2025-01-27,Politics,3
2025-01-27,Science,1
2025-01-27,Sports,12
2025-01-27,Technology,1
2025-01-27,World,4
2025-01-28,Business,0
2025-01-28,Entertainment,3
2025-01-28,Health,3
2025-01-28,Politics,4
2025-01-28,Science,2
2025-01-28,Sports,2
2025-01-28,Technology,5
2025-01-28,World,2
2025-01-29,Business,4
2025-01-29,Entertainment,4
2025-01-29,Health,5
2025-01-29,Politics,1
2025-01-29,Science,2
2025-01-29,Sports,6
2025-01-29,Technology,5
2025-01-29,World,2
2025-01-30,Business,6
2025-01-30,Entertainment,3
2025-01-30,Health,1
2025-01-30,Politics,2
2025-01-30,Science,3
2025-01-30,Sports,3
2025-01-30,Technology,5
2025-01-30,World,1
2025-01-31,Business,4
2025-01-31,Entertainment,5
2025-01-31,Health,2
2025-01-31,Politics,3
2025-01-31,Science,0
2025-01-31,Sports,2
2025-01-31,Technology,5
2025-01-31,World,1
2025-02-01,Business,6
2025-02-01,Entertainment,2
2025-02-01,Health,1
2025-02-01,Politics,6
2025-02-01,Science,4
2025-02-01,Sports,3
2025-02-01,Technology,5
2025-02-01,World,3
2025-02-02,Business,1
2025-02-02,Entertainment,1
2025-02-02,Health,4
2025-02-02,Politics,3
2025-02-02,Science,2
2025-02-02,Sports,6
2025-02-02,Technology,2
2025-02-02,World,2
2025-02-03,Business,3
2025-02-03,Entertainment,4
2025-02-03,Health,1
2025-02-03,Politics,4
2025-02-03,Science,4
2025-02-03,Sports,4
2025-02-03,Technology,3
2025-02-03,World,5
2025-02-04,Business,2
2025-02-04,Entertainment,1
2025-02-04,Health,4
2025-02-04,Politics,4
2025-02-04,Science,3
2025-02-04,Sports,3
2025-02-04,Technology,7
2025-02-04,World,1
2025-02-05,Business,22
2025-02-05,Entertainment,3
2025-02-05,Health,5
2025-02-05,Politics,2
2025-02-05,Science,4
2025-02-05,Sports,1
2025-02-05,Technology,6
2025-02-05,World,1
2025-02-06,Business,8
2025-02-06,Entertainment,3
2025-02-06,Health,4
2025-02-06,Politics,1
2025-02-06,Science,3
2025-02-06,Sports,3
2025-02-06,Technology,6
2025-02-06,World,1
2025-02-07,Business,4
2025-02-07,Entertainment,5
2025-02-07,Health,4
2025-02-07,Politics,2
2025-02-07,Science,1
2025-02-07,Sports,3
2025-02-07,Technology,1
2025-02-07,World,2
2025-02-08,Business,5
2025-02-08,Entertainment,2
2025-02-08,Health,3
2025-02-08,Politics,1
2025-02-08,Science,4
2025-02-08,Sports,1
2025-02-08,Technology,2
2025-02-08,World,4
2025-02-09,Business,5
2025-02-09,Entertainment,2
2025-02-09,Health,6
2025-02-09,Politics,18
2025-02-09,Science,1
2025-02-09,Sports,7
2025-02-09,Technology,3
2025-02-09,World,3
2025-02-10,Business,2
2025-02-10,Entertainment,2
2025-02-10,Health,5
2025-02-10,Politics,6
2025-02-10,Science,2
2025-02-10,Sports,2
2025-02-10,Technology,2
2025-02-10,World,8
2025-02-11,Business,0
2025-02-11,Entertainment,21
2025-02-11,Health,3
2025-02-11,Politics,3
2025-02-11,Science,2
2025-02-11,Sports,1
2025-02-11,Technology,2
2025-02-11,World,24
2025-02-12,Business,7
2025-02-12,Entertainment,3
2025-02-12,Health,0
2025-02-12,Politics,4
2025-02-12,Science,6
2025-02-12,Sports,1
2025-02-12,Technology,6
2025-02-12,World,4
2025-02-13,Business,5
2025-02-13,Entertainment,4
2025-02-13,Health,3
2025-02-13,Politics,3
2025-02-13,Science,2
2025-02-13,Sports,3
2025-02-13,Technology,6
2025-02-13,World,4
2025-02-14,Business,3
2025-02-14,Entertainment,4
2025-02-14,Health,0
2025-02-14,Politics,1
2025-02-14,Science,3
2025-02-14,Sports,2
2025-02-14,Technology,4
2025-02-14,World,1
2025-02-15,Business,4
2025-02-15,Entertainment,7
2025-02-15,Health,3
2025-02-15,Politics,2
2025-02-15,Science,1
2025-02-15,Sports,5
2025-02-15,Technology,4
2025-02-15,World,2
2025-02-16,Business,3
2025-02-16,Entertainment,2
2025-02-16,Health,2
2025-02-16,Politics,0
2025-02-16,Science,2
2025-02-16,Sports,2
2025-02-16,Technology,2
2025-02-16,World,6
2025-02-17,Business,5
2025-02-17,Entertainment,2
2025-02-17,Health,3
2025-02-17,Politics,3
2025-02-17,Science,2
2025-02-17,Sports,1
2025-02-17,Technology,1
2025-02-17,World,2
2025-02-18,Business,1
2025-02-18,Entertainment,2
2025-02-18,Health,1
2025-02-18,Politics,9
2025-02-18,Science,3
2025-02-18,Sports,3
2025-02-18,Technology,2
2025-02-18,World,5
2025-02-19,Business,8
2025-02-19,Entertainment,3
2025-02-19,Health,4
2025-02-19,Politics,5
2025-02-19,Science,0
2025-02-19,Sports,4
2025-02-19,Technology,5
2025-02-19,World,3
2025-02-20,Business,3
2025-02-20,Entertainment,1
2025-02-20,Health,3
2025-02-20,Politics,3
2025-02-20,Science,4
2025-02-20,Sports,5
2025-02-20,Technology,7
2025-02-20,World,0
2025-02-21,Business,6
2025-02-21,Entertainment,2
2025-02-21,Health,5
2025-02-21,Politics,2
2025-02-21,Science,3
2025-02-21,Sports,5
2025-02-21,Technology,1
2025-02-21,World,6
2025-02-22,Business,6
2025-02-22,Entertainment,2
2025-02-22,Health,6
2025-02-22,Politics,3
2025-02-22,Science,2
2025-02-22,Sports,2
2025-02-22,Technology,1
2025-02-22,World,2
2025-02-23,Business,4
2025-02-23,Entertainment,5
2025-02-23,Health,3
2025-02-23,Politics,2
2025-02-23,Science,3
2025-02-23,Sports,2
2025-02-23,Technology,2
2025-02-23,World,3
2025-02-24,Business,3
2025-02-24,Entertainment,4
2025-02-24,Health,0
2025-02-24,Politics,1
2025-02-24,Science,3
2025-02-24,Sports,3
2025-02-24,Technology,4
2025-02-24,World,1
2025-02-25,Business,6
2025-02-25,Entertainment,2
2025-02-25,Health,1
2025-02-25,Politics,3
2025-02-25,Science,3
2025-02-25,Sports,5
2025-02-25,Technology,6
2025-02-25,World,1
2025-02-26,Business,2
2025-02-26,Entertainment,2
2025-02-26,Health,2
2025-02-26,Politics,3
2025-02-26,Science,4
2025-02-26,Sports,3
2025-02-26,Technology,3
2025-02-26,World,18
2025-02-27,Business,5
2025-02-27,Entertainment,5
2025-02-27,Health,2
2025-02-27,Politics,6
2025-02-27,Science,6
2025-02-27,Sports,1
2025-02-27,Technology,5
2025-02-27,World,3
2025-02-28,Business,1
2025-02-28,Entertainment,5
2025-02-28,Health,3
2025-02-28,Politics,7
2025-02-28,Science,6
2025-02-28,Sports,5
2025-02-28,Technology,4
2025-02-28,World,3
2025-03-01,Business,27
2025-03-01,Entertainment,5
2025-03-01,Health,3
2025-03-01,Politics,2
2025-03-01,Science,1
2025-03-01,Sports,2
2025-03-01,Technology,20
2025-03-01,World,1
2025-03-02,Business,4
2025-03-02,Entertainment,6
2025-03-02,Health,2
2025-03-02,Politics,1
2025-03-02,Science,2
2025-03-02,Sports,2
2025-03-02,Technology,1
2025-03-02,World,4
2025-03-03,Business,1
2025-03-03,Entertainment,4
2025-03-03,Health,4
2025-03-03,Politics,4
2025-03-03,Science,5
2025-03-03,Sports,4
2025-03-03,Technology,5
2025-03-03,World,3
2025-03-04,Business,4
2025-03-04,Entertainment,4
2025-03-04,Health,5
2025-03-04,Politics,13
2025-03-04,Science,1
2025-03-04,Sports,3
2025-03-04,Technology,2
2025-03-04,World,2
2025-03-05,Business,0
2025-03-05,Entertainment,2
2025-03-05,Health,3
2025-03-05,Politics,8
2025-03-05,Science,1
2025-03-05,Sports,0
2025-03-05,Technology,3
2025-03-05,World,4
2025-03-06,Business,1
2025-03-06,Entertainment,2
2025-03-06,Health,3
2025-03-06,Politics,1
2025-03-06,Science,3
2025-03-06,Sports,4
2025-03-06,Technology,0
2025-03-06,World,0
2025-03-07,Business,1
2025-03-07,Entertainment,1
2025-03-07,Health,4
2025-03-07,Politics,3
2025-03-07,Science,5
2025-03-07,Sports,4
2025-03-07,Technology,0
2025-03-07,World,3
2025-03-08,Business,4
2025-03-08,Entertainment,3
2025-03-08,Health,1
2025-03-08,Politics,3
2025-03-08,Science,5
2025-03-08,Sports,2
2025-03-08,Technology,1
2025-03-08,World,2
2025-03-09,Business,1
2025-03-09,Entertainment,1
2025-03-09,Health,4
2025-03-09,Politics,4
2025-03-09,Science,1
2025-03-09,Sports,2
2025-03-09,Technology,3
2025-03-09,World,2
2025-03-10,Business,3
2025-03-10,Entertainment,3
2025-03-10,Health,3
2025-03-10,Politics,5
2025-03-10,Science,1
2025-03-10,Sports,4
2025-03-10,Technology,3
2025-03-10,World,3
2025-03-11,Business,0
2025-03-11,Entertainment,2
2025-03-11,Health,1
2025-03-11,Politics,3
2025-03-11,Science,3
2025-03-11,Sports,1
2025-03-11,Technology,3
2025-03-11,World,3
2025-03-12,Business,0
2025-03-12,Entertainment,1
2025-03-12,Health,4
2025-03-12,Politics,3
2025-03-12,Science,3
2025-03-12,Sports,1
2025-03-12,Technology,3
2025-03-12,World,4
2025-03-13,Business,2
2025-03-13,Entertainment,3
2025-03-13,Health,3
2025-03-13,Politics,6
2025-03-13,Science,6
2025-03-13,Sports,5
2025-03-13,Technology,2
2025-03-13,World,5
2025-03-14,Business,4
2025-03-14,Entertainment,2
2025-03-14,Health,3
2025-03-14,Politics,5
2025-03-14,Science,1
2025-03-14,Sports,4
2025-03-14,Technology,1
2025-03-14,World,2
2025-03-15,Business,1
2025-03-15,Entertainment,4
2025-03-15,Health,3
2025-03-15,Politics,3
2025-03-15,Science,2
2025-03-15,Sports,4
2025-03-15,Technology,4
2025-03-15,World,3
2025-03-16,Business,17
2025-03-16,Entertainment,4
2025-03-16,Health,2
2025-03-16,Politics,5
2025-03-16,Science,5
2025-03-16,Sports,0
2025-03-16,Technology,3
2025-03-16,World,3
2025-03-17,Business,6
2025-03-17,Entertainment,4
2025-03-17,Health,5
2025-03-17,Politics,3
2025-03-17,Science,6
2025-03-17,Sports,3
2025-03-17,Technology,1
2025-03-17,World,3
2025-03-18,Business,5
2025-03-18,Entertainment,1
2025-03-18,Health,2
2025-03-18,Politics,5
2025-03-18,Science,2
2025-03-18,Sports,4
2025-03-18,Technology,2
2025-03-18,World,2
2025-03-19,Business,4
2025-03-19,Entertainment,3
2025-03-19,Health,3
2025-03-19,Politics,2
2025-03-19,Science,3
2025-03-19,Sports,3
2025-03-19,Technology,1
2025-03-19,World,1
2025-03-20,Business,4
2025-03-20,Entertainment,2
2025-03-20,Health,3
2025-03-20,Politics,4
2025-03-20,Science,2
2025-03-20,Sports,0
2025-03-20,Technology,1
2025-03-20,World,8
2025-03-21,Business,5
2025-03-21,Entertainment,6
2025-03-21,Health,2
2025-03-21,Politics,2
2025-03-21,Science,2
2025-03-21,Sports,2
2025-03-21,Technology,4
2025-03-21,World,0
2025-03-22,Business,6
2025-03-22,Entertainment,6
2025-03-22,Health,2
2025-03-22,Politics,8
2025-03-22,Science,5
2025-03-22,Sports,3
2025-03-22,Technology,3
2025-03-22,World,0
2025-03-23,Business,0
2025-03-23,Entertainment,1
2025-03-23,Health,5
2025-03-23,Politics,3
2025-03-23,Science,2
2025-03-23,Sports,2
2025-03-23,Technology,6
2025-03-23,World,5
2025-03-24,Business,6
2025-03-24,Entertainment,4
2025-03-24,Health,4
2025-03-24,Politics,5
2025-03-24,Science,2
2025-03-24,Sports,5
2025-03-24,Technology,1
2025-03-24,World,3
2025-03-25,Business,7
2025-03-25,Entertainment,3
2025-03-25,Health,2
2025-03-25,Politics,0
2025-03-25,Science,2
2025-03-25,Sports,5
2025-03-25,Technology,3
2025-03-25,World,3
2025-03-26,Business,2
2025-03-26,Entertainment,3
2025-03-26,Health,2
2025-03-26,Politics,3
2025-03-26,Science,4
2025-03-26,Sports,0
2025-03-26,Technology,5
2025-03-26,World,2
2025-03-27,Business,2
2025-03-27,Entertainment,4
2025-03-27,Health,3
2025-03-27,Politics,2
2025-03-27,Science,1
2025-03-27,Sports,4
2025-03-27,Technology,2
2025-03-27,World,6
2025-03-28,Business,27
2025-03-28,Entertainment,3
2025-03-28,Health,3
2025-03-28,Politics,4
2025-03-28,Science,5
2025-03-28,Sports,1
2025-03-28,Technology,1
2025-03-28,World,2
2025-03-29,Business,2
2025-03-29,Entertainment,5
2025-03-29,Health,5
2025-03-29,Politics,5
2025-03-29,Science,4
2025-03-29,Sports,23
2025-03-29,Technology,5
2025-03-29,World,3
2025-03-30,Business,4
2025-03-30,Entertainment,1
2025-03-30,Health,4
2025-03-30,Politics,3
2025-03-30,Science,1
2025-03-30,Sports,17
2025-03-30,Technology,4
2025-03-30,World,3
2025-03-31,Business,1
2025-03-31,Entertainment,1
2025-03-31,Health,2
2025-03-31,Politics,5
2025-03-31,Science,3
2025-03-31,Sports,3
2025-03-31,Technology,5
2025-03-31,World,4
2025-04-01,Business,1
2025-04-01,Entertainment,6
2025-04-01,Health,5
2025-04-01,Politics,24
2025-04-01,Science,2
2025-04-01,Sports,2
2025-04-01,Technology,6
2025-04-01,World,0
2025-04-02,Business,5
2025-04-02,Entertainment,7
2025-04-02,Health,4
2025-04-02,Politics,5
2025-04-02,Science,5
2025-04-02,Sports,2
2025-04-02,Technology,4
2025-04-02,World,3
2025-04-03,Business,2
2025-04-03,Entertainment,3
2025-04-03,Health,4
2025-04-03,Politics,2
2025-04-03,Science,3
2025-04-03,Sports,3
2025-04-03,Technology,5
2025-04-03,World,5
2025-04-04,Business,5
2025-04-04,Entertainment,4
2025-04-04,Health,1
2025-04-04,Politics,0
2025-04-04,Science,2
2025-04-04,Sports,3
2025-04-04,Technology,3
2025-04-04,World,5
2025-04-05,Business,1
2025-04-05,Entertainment,5
2025-04-05,Health,3
2025-04-05,Politics,2
2025-04-05,Science,3
2025-04-05,Sports,7
2025-04-05,Technology,2
2025-04-05,World,5
2025-04-06,Business,7
2025-04-06,Entertainment,0
2025-04-06,Health,4
2025-04-06,Politics,2
2025-04-06,Science,5
2025-04-06,Sports,3
2025-04-06,Technology,2
2025-04-06,World,3
2025-04-07,Business,19
2025-04-07,Entertainment,3
2025-04-07,Health,4
2025-04-07,Politics,6
2025-04-07,Science,4
2025-04-07,Sports,3
2025-04-07,Technology,1
2025-04-07,World,3
2025-04-08,Business,3
2025-04-08,Entertainment,1
2025-04-08,Health,1
2025-04-08,Politics,2
2025-04-08,Science,1
2025-04-08,Sports,21
2025-04-08,Technology,1
2025-04-08,World,3
2025-04-09,Business,4
2025-04-09,Entertainment,2
2025-04-09,Health,1
2025-04-09,Politics,1
2025-04-09,Science,2
2025-04-09,Sports,4
2025-04-09,Technology,2
2025-04-09,World,3
2025-04-10,Business,0
2025-04-10,Entertainment,2
2025-04-10,Health,4
2025-04-10,Politics,6
2025-04-10,Science,4
2025-04-10,Sports,3
2025-04-10,Technology,2
2025-04-10,World,0
2025-04-11,Business,4
2025-04-11,Entertainment,5
2025-04-11,Health,6
2025-04-11,Politics,6
2025-04-11,Science,4
2025-04-11,Sports,5
2025-04-11,Technology,3
2025-04-11,World,4
2025-04-12,Business,2
2025-04-12,Entertainment,1
2025-04-12,Health,3
2025-04-12,Politics,2
2025-04-12,Science,2
2025-04-12,Sports,2
2025-04-12,Technology,4
2025-04-12,World,3
2025-04-13,Business,4
2025-04-13,Entertainment,4
2025-04-13,Health,4
2025-04-13,Politics,6
2025-04-13,Science,2
2025-04-13,Sports,3
2025-04-13,Technology,2
2025-04-13,World,4
2025-04-14,Business,1
2025-04-14,Entertainment,3
2025-04-14,Health,4
2025-04-14,Politics,6
2025-04-14,Science,2
2025-04-14,Sports,2
2025-04-14,Technology,2
2025-04-14,World,2
2025-04-15,Business,3
2025-04-15,Entertainment,2
2025-04-15,Health,5
2025-04-15,Politics,4
2025-04-15,Science,4
2025-04-15,Sports,0
2025-04-15,Technology,2
2025-04-15,World,3
2025-04-16,Business,3
2025-04-16,Entertainment,1
2025-04-16,Health,0
2025-04-16,Politics,1
2025-04-16,Science,3
2025-04-16,Sports,0
2025-04-16,Technology,1
2025-04-16,World,4
2025-04-17,Business,2
2025-04-17,Entertainment,3
2025-04-17,Health,5
2025-04-17,Politics,2
2025-04-17,Science,0
2025-04-17,Sports,4
2025-04-17,Technology,1
2025-04-17,World,4
2025-04-18,Business,3
2025-04-18,Entertainment,4
2025-04-18,Health,3
2025-04-18,Politics,4
2025-04-18,Science,5
2025-04-18,Sports,1
2025-04-18,Technology,3
2025-04-18,World,1
2025-04-19,Business,5
2025-04-19,Entertainment,6
2025-04-19,Health,6
2025-04-19,Politics,4
2025-04-19,Science,1
2025-04-19,Sports,1
2025-04-19,Technology,4
2025-04-19,World,3
2025-04-20,Business,5
2025-04-20,Entertainment,2
2025-04-20,Health,5
2025-04-20,Politics,4
2025-04-20,Science,1
2025-04-20,Sports,4
2025-04-20,Technology,4
2025-04-20,World,3
2025-04-21,Business,1
2025-04-21,Entertainment,3
2025-04-21,Health,5
2025-04-21,Politics,1
2025-04-21,Science,3
2025-04-21,Sports,4
2025-04-21,Technology,2
2025-04-21,World,5
2025-04-22,Business,2
2025-04-22,Entertainment,5
2025-04-22,Health,2
2025-04-22,Politics,1
2025-04-22,Science,3
2025-04-22,Sports,1
2025-04-22,Technology,4
2025-04-22,World,1
2025-04-23,Business,3
2025-04-23,Entertainment,7
2025-04-23,Health,4
2025-04-23,Politics,1
2025-04-23,Science,2
2025-04-23,Sports,5
2025-04-23,Technology,0
2025-04-23,World,2
2025-04-24,Business,1
2025-04-24,Entertainment,3
2025-04-24,Health,4
2025-04-24,Politics,6
2025-04-24,Science,1
2025-04-24,Sports,4
2025-04-24,Technology,5
2025-04-24,World,3
2025-04-25,Business,4
2025-04-25,Entertainment,8
2025-04-25,Health,1
2025-04-25,Politics,4
2025-04-25,Science,1
2025-04-25,Sports,4
2025-04-25,Technology,3
2025-04-25,World,2
2025-04-26,Business,0
2025-04-26,Entertainment,2
2025-04-26,Health,6
2025-04-26,Politics,2
2025-04-26,Science,1
2025-04-26,Sports,0
2025-04-26,Technology,6
2025-04-26,World,2
2025-04-27,Business,4
2025-04-27,Entertainment,23
2025-04-27,Health,3
2025-04-27,Politics,0
2025-04-27,Science,1
2025-04-27,Sports,2
2025-04-27,Technology,3
2025-04-27,World,2
2025-04-28,Business,3
2025-04-28,Entertainment,4
2025-04-28,Health,1
2025-04-28,Politics,2
2025-04-28,Science,4
2025-04-28,Sports,1
2025-04-28,Technology,4
2025-04-28,World,5
2025-04-29,Business,0
2025-04-29,Entertainment,4
2025-04-29,Health,3
2025-04-29,Politics,1
2025-04-29,Science,5
2025-04-29,Sports,3
2025-04-29,Technology,4
2025-04-29,World,3
2025-04-30,Business,2
2025-04-30,Entertainment,2
2025-04-30,Health,0
2025-04-30,Politics,0
2025-04-30,Science,2
2025-04-30,Sports,2
2025-04-30,Technology,3
2025-04-30,World,7
2025-05-01,Business,5
2025-05-01,Entertainment,4
2025-05-01,Health,3
2025-05-01,Politics,1
2025-05-01,Science,4
2025-05-01,Sports,3
2025-05-01,Technology,4
2025-05-01,World,7
2025-05-02,Business,5
2025-05-02,Entertainment,5
2025-05-02,Health,1
2025-05-02,Politics,3
2025-05-02,Science,0
2025-05-02,Sports,7
2025-05-02,Technology,5
2025-05-02,World,1
2025-05-03,Business,6
2025-05-03,Entertainment,1
2025-05-03,Health,4
2025-05-03,Politics,3
2025-05-03,Science,1
2025-05-03,Sports,4
2025-05-03,Technology,1
2025-05-03,World,3
2025-05-04,Business,2
2025-05-04,Entertainment,1
2025-05-04,Health,1
2025-05-04,Politics,4
2025-05-04,Science,3
2025-05-04,Sports,3
2025-05-04,Technology,6
2025-05-04,World,2
2025-05-05,Business,2
2025-05-05,Entertainment,2
2025-05-05,Health,5
2025-05-05,Politics,2
2025-05-05,Science,0
2025-05-05,Sports,1
2025-05-05,Technology,2
2025-05-05,World,3
2025-05-06,Business,2
2025-05-06,Entertainment,4
2025-05-06,Health,1
2025-05-06,Politics,1
2025-05-06,Science,3
2025-05-06,Sports,4
2025-05-06,Technology,6
2025-05-06,World,2
2025-05-07,Business,2
2025-05-07,Entertainment,3
2025-05-07,Health,8
2025-05-07,Politics,1
2025-05-07,Science,1
2025-05-07,Sports,4
2025-05-07,Technology,2
2025-05-07,World,5
2025-05-08,Business,2
2025-05-08,Entertainment,2
2025-05-08,Health,6
2025-05-08,Politics,4
2025-05-08,Science,3
2025-05-08,Sports,1
2025-05-08,Technology,3
2025-05-08,World,4
2025-05-09,Business,1
2025-05-09,Entertainment,3
2025-05-09,Health,1
2025-05-09,Politics,2
2025-05-09,Science,1
2025-05-09,Sports,1
2025-05-09,Technology,7
2025-05-09,World,3
2025-05-10,Business,1
2025-05-10,Entertainment,2
2025-05-10,Health,6
2025-05-10,Politics,0
2025-05-10,Science,3
2025-05-10,Sports,3
2025-05-10,Technology,4
2025-05-10,World,3
2025-05-11,Business,2
2025-05-11,Entertainment,6
2025-05-11,Health,2
2025-05-11,Politics,1
2025-05-11,Science,1
2025-05-11,Sports,3
2025-05-11,Technology,2
2025-05-11,World,2
2025-05-12,Business,1
2025-05-12,Entertainment,1
2025-05-12,Health,2
2025-05-12,Politics,2
2025-05-12,Science,1
2025-05-12,Sports,1
2025-05-12,Technology,6
2025-05-12,World,5
2025-05-13,Business,7
2025-05-13,Entertainment,2
2025-05-13,Health,3
2025-05-13,Politics,2
2025-05-13,Science,4
2025-05-13,Sports,2
2025-05-13,Technology,2
2025-05-13,World,1
2025-05-14,Business,7
2025-05-14,Entertainment,2
2025-05-14,Health,4
2025-05-14,Politics,3
2025-05-14,Science,2
2025-05-14,Sports,4
2025-05-14,Technology,3
2025-05-14,World,1
2025-05-15,Business,2
2025-05-15,Entertainment,5
2025-05-15,Health,2
2025-05-15,Politics,1
2025-05-15,Science,4
2025-05-15,Sports,2
2025-05-15,Technology,2
2025-05-15,World,5
2025-05-16,Business,1
2025-05-16,Entertainment,2
2025-05-16,Health,2
2025-05-16,Politics,3
2025-05-16,Science,2
2025-05-16,Sports,2
2025-05-16,Technology,2
2025-05-16,World,2
2025-05-17,Business,5
2025-05-17,Entertainment,5
2025-05-17,Health,4
2025-05-17,Politics,19
2025-05-17,Science,2
2025-05-17,Sports,3
2025-05-17,Technology,3
2025-05-17,World,3
2025-05-18,Business,16
2025-05-18,Entertainment,1
2025-05-18,Health,4
2025-05-18,Politics,1
2025-05-18,Science,3
2025-05-18,Sports,4
2025-05-18,Technology,2
2025-05-18,World,2
2025-05-19,Business,2
2025-05-19,Entertainment,2
2025-05-19,Health,0
2025-05-19,Politics,5
2025-05-19,Science,2
2025-05-19,Sports,3
2025-05-19,Technology,3
2025-05-19,World,1
2025-05-20,Business,4
2025-05-20,Entertainment,2
2025-05-20,Health,5
2025-05-20,Politics,4
2025-05-20,Science,3
2025-05-20,Sports,4
2025-05-20,Technology,4
2025-05-20,World,4
2025-05-21,Business,5
2025-05-21,Entertainment,3
2025-05-21,Health,1
2025-05-21,Politics,4
2025-05-21,Science,0
2025-05-21,Sports,5
2025-05-21,Technology,3
2025-05-21,World,5
2025-05-22,Business,4
2025-05-22,Entertainment,3
2025-05-22,Health,3
2025-05-22,Politics,2
2025-05-22,Science,4
2025-05-22,Sports,31
2025-05-22,Technology,2
2025-05-22,World,2
2025-05-23,Business,5
2025-05-23,Entertainment,4
2025-05-23,Health,1
2025-05-23,Politics,4
2025-05-23,Science,2
2025-05-23,Sports,6
2025-05-23,Technology,4
2025-05-23,World,1
2025-05-24,Business,3
2025-05-24,Entertainment,4
2025-05-24,Health,0
2025-05-24,Politics,21
2025-05-24,Science,5
2025-05-24,Sports,4
2025-05-24,Technology,2
2025-05-24,World,2
2025-05-25,Business,3
2025-05-25,Entertainment,4
2025-05-25,Health,3
2025-05-25,Politics,4
2025-05-25,Science,3
2025-05-25,Sports,0
2025-05-25,Technology,3
2025-05-25,World,3
2025-05-26,Business,4
2025-05-26,Entertainment,8
2025-05-26,Health,2
2025-05-26,Politics,2
2025-05-26,Science,1
2025-05-26,Sports,3
2025-05-26,Technology,2
2025-05-26,World,3
2025-05-27,Business,0
2025-05-27,Entertainment,7
2025-05-27,Health,1
2025-05-27,Politics,1
2025-05-27,Science,0
2025-05-27,Sports,5
2025-05-27,Technology,3
2025-05-27,World,1
2025-05-28,Business,2
2025-05-28,Entertainment,4
2025-05-28,Health,6
2025-05-28,Politics,19
2025-05-28,Science,3
2025-05-28,Sports,5
2025-05-28,Technology,2
2025-05-28,World,1
2025-05-29,Business,6
2025-05-29,Entertainment,7
2025-05-29,Health,4
2025-05-29,Politics,3
2025-05-29,Science,3
2025-05-29,Sports,3
2025-05-29,Technology,4
2025-05-29,World,4
2025-05-30,Business,1
2025-05-30,Entertainment,1
2025-05-30,Health,1
2025-05-30,Politics,6
2025-05-30,Science,4
2025-05-30,Sports,2
2025-05-30,Technology,3
2025-05-30,World,2
2025-05-31,Business,3
2025-05-31,Entertainment,3
2025-05-31,Health,1
2025-05-31,Politics,1
2025-05-31,Science,2
2025-05-31,Sports,20
2025-05-31,Technology,3
2025-05-31,World,5
2025-06-01,Business,4
2025-06-01,Entertainment,2
2025-06-01,Health,3
2025-06-01,Politics,0
2025-06-01,Science,26
2025-06-01,Sports,2
2025-06-01,Technology,3
2025-06-01,World,3
2025-06-02,Business,4
2025-06-02,Entertainment,6
2025-06-02,Health,0
2025-06-02,Politics,2
2025-06-02,Science,4
2025-06-02,Sports,3
2025-06-02,Technology,1
2025-06-02,World,5
2025-06-03,Business,4
2025-06-03,Entertainment,1
2025-06-03,Health,4
2025-06-03,Politics,0
2025-06-03,Science,3
2025-06-03,Sports,3
2025-06-03,Technology,4
2025-06-03,World,4
2025-06-04,Business,0
2025-06-04,Entertainment,7
2025-06-04,Health,2
2025-06-04,Politics,2
2025-06-04,Science,4
2025-06-04,Sports,2
2025-06-04,Technology,1
2025-06-04,World,4
2025-06-05,Business,1
2025-06-05,Entertainment,3
2025-06-05,Health,19
2025-06-05,Politics,3
2025-06-05,Science,0
2025-06-05,Sports,1
2025-06-05,Technology,4
2025-06-05,World,4
2025-06-06,Business,3
2025-06-06,Entertainment,5
2025-06-06,Health,1
2025-06-06,Politics,1
2025-06-06,Science,4
2025-06-06,Sports,5
2025-06-06,Technology,4
2025-06-06,World,7
2025-06-07,Business,3
2025-06-07,Entertainment,4
2025-06-07,Health,7
2025-06-07,Politics,2
2025-06-07,Science,4
2025-06-07,Sports,3
2025-06-07,Technology,4
2025-06-07,World,2
2025-06-08,Business,5
2025-06-08,Entertainment,4
2025-06-08,Health,6
2025-06-08,Politics,2
2025-06-08,Science,3
2025-06-08,Sports,1
2025-06-08,Technology,3
2025-06-08,World,4
2025-06-09,Business,8
2025-06-09,Entertainment,1
2025-06-09,Health,0
2025-06-09,Politics,2
2025-06-09,Science,1
2025-06-09,Sports,3
2025-06-09,Technology,4
2025-06-09,World,5
2025-06-10,Business,4
2025-06-10,Entertainment,15
2025-06-10,Health,2
2025-06-10,Politics,3
2025-06-10,Science,1
2025-06-10,Sports,5
2025-06-10,Technology,2
2025-06-10,World,6
2025-06-11,Business,1
2025-06-11,Entertainment,3
2025-06-11,Health,5
2025-06-11,Politics,9
2025-06-11,Science,2
2025-06-11,Sports,3
2025-06-11,Technology,1
2025-06-11,World,3
2025-06-12,Business,5
2025-06-12,Entertainment,1
2025-06-12,Health,7
2025-06-12,Politics,3
2025-06-12,Science,3
2025-06-12,Sports,1
2025-06-12,Technology,3
2025-06-12,World,4
2025-06-13,Business,20
2025-06-13,Entertainment,5
2025-06-13,Health,4
2025-06-13,Politics,16
2025-06-13,Science,2
2025-06-13,Sports,5
2025-06-13,Technology,3
2025-06-13,World,1
2025-06-14,Business,3
2025-06-14,Entertainment,0
2025-06-14,Health,3
2025-06-14,Politics,3
2025-06-14,Science,4
2025-06-14,Sports,3
2025-06-14,Technology,2
2025-06-14,World,2
2025-06-15,Business,2
2025-06-15,Entertainment,7
2025-06-15,Health,0
2025-06-15,Politics,2
2025-06-15,Science,2
2025-06-15,Sports,2
2025-06-15,Technology,1
2025-06-15,World,1
2025-06-16,Business,1
2025-06-16,Entertainment,5
2025-06-16,Health,2
2025-06-16,Politics,4
2025-06-16,Science,20
2025-06-16,Sports,0
2025-06-16,Technology,2
2025-06-16,World,2
2025-06-17,Business,4
2025-06-17,Entertainment,5
2025-06-17,Health,1
2025-06-17,Politics,2
2025-06-17,Science,5
2025-06-17,Sports,2
2025-06-17,Technology,4
2025-06-17,World,4
2025-06-18,Business,1
2025-06-18,Entertainment,1
2025-06-18,Health,2
2025-06-18,Politics,9
2025-06-18,Science,3
2025-06-18,Sports,3
2025-06-18,Technology,2
2025-06-18,World,1
2025-06-19,Business,2
2025-06-19,Entertainment,6
2025-06-19,Health,5
2025-06-19,Politics,5
2025-06-19,Science,1
2025-06-19,Sports,4
2025-06-19,Technology,5
2025-06-19,World,3
2025-06-20,Business,2
2025-06-20,Entertainment,6
2025-06-20,Health,7
2025-06-20,Politics,3
2025-06-20,Science,3
2025-06-20,Sports,1
2025-06-20,Technology,4
2025-06-20,World,4
2025-06-21,Business,4
2025-06-21,Entertainment,3
2025-06-21,Health,2
2025-06-21,Politics,6
2025-06-21,Science,2
2025-06-21,Sports,26
2025-06-21,Technology,2
2025-06-21,World,1
2025-06-22,Business,4
2025-06-22,Entertainment,4
2025-06-22,Health,2
2025-06-22,Politics,4
2025-06-22,Science,0
2025-06-22,Sports,0
2025-06-22,Technology,2
2025-06-22,World,2
2025-06-23,Business,18
2025-06-23,Entertainment,2
2025-06-23,Health,3
2025-06-23,Politics,5
2025-06-23,Science,3
2025-06-23,Sports,2
2025-06-23,Technology,5
2025-06-23,World,4
2025-06-24,Business,6
2025-06-24,Entertainment,3
2025-06-24,Health,1
2025-06-24,Politics,2
2025-06-24,Science,3
2025-06-24,Sports,1
2025-06-24,Technology,3
2025-06-24,World,1
2025-06-25,Business,2
2025-06-25,Entertainment,13
2025-06-25,Health,4
2025-06-25,Politics,7
2025-06-25,Science,5
2025-06-25,Sports,5
2025-06-25,Technology,0
2025-06-25,World,2
2025-06-26,Business,3
2025-06-26,Entertainment,1
2025-06-26,Health,3
2025-06-26,Politics,2
2025-06-26,Science,3
2025-06-26,Sports,1
2025-06-26,Technology,0
2025-06-26,World,4
2025-06-27,Business,4
2025-06-27,Entertainment,2
2025-06-27,Health,3
2025-06-27,Politics,4
2025-06-27,Science,2
2025-06-27,Sports,0
2025-06-27,Technology,2
2025-06-27,World,4
2025-06-28,Business,4
2025-06-28,Entertainment,4
2025-06-28,Health,4
2025-06-28,Politics,2
2025-06-28,Science,22
2025-06-28,Sports,2
2025-06-28,Technology,1
2025-06-28,World,1
2025-06-29,Business,27
2025-06-29,Entertainment,4
2025-06-29,Health,3
2025-06-29,Politics,3
2025-06-29,Science,4
2025-06-29,Sports,3
2025-06-29,Technology,1
2025-06-29,World,2
2025-06-30,Business,24
2025-06-30,Entertainment,4
2025-06-30,Health,4
2025-06-30,Politics,6
2025-06-30,Science,5
2025-06-30,Sports,2
2025-06-30,Technology,4
2025-06-30,World,3
